{
  "project_info": {
    "project_number": "522028979854",
    "project_id": "fridgealert-60b42",
    "storage_bucket": "fridgealert-60b42.firebasestorage.app"
  },
  "client": [
    {
      "client_info": {
        "mobilesdk_app_id": "1:522028979854:android:b370f9f87698ac96e25bdf",
        "android_client_info": {
          "package_name": "com.example.fridgealert"
        }
      },
      "oauth_client": [],
      "api_key": [
        {
          "current_key": "AIzaSyDPikhPVStKJUfep9rjQCTlda3Cah2CzW0"
        }
      ],
      "services": {
        "appinvite_service": {
          "other_platform_oauth_client": []
        }
      }
    }
  ],
  "configuration_version": "1"
}